DEP_ID,DEP_COUNT,AVG_SALARY
"2        ","3","86666.66666666666666666666666"
"5        ","4","65000.00000000000000000000000"
"7        ","3","66666.66666666666666666666666"
